"Date","Active Cases","Severe or Critical Cases","Critical Cases to Active Cases proportions "
"2020-04-01 00:00:00",26,2,
"2020-04-02 00:00:00",25,1,
"2020-04-03 00:00:00",31,2,
"2020-04-04 00:00:00",32,1,
"2020-04-05 00:00:00",37,1,
"2020-04-06 00:00:00",36,1,
"2020-04-07 00:00:00",44,1,
"2020-04-08 00:00:00",47,2,
"2020-04-09 00:00:00",48,2,
"2020-04-10 00:00:00",57,1,0.038461538
"2020-04-11 00:00:00",54,0,0
"2020-04-12 00:00:00",56,0,0
"2020-04-13 00:00:00",55,0,0
"2020-04-14 00:00:00",63,0,0
"2020-04-15 00:00:00",65,0,0
"2020-04-16 00:00:00",72,1,0.022727273
"2020-04-17 00:00:00",76,1,0.021276596
"2020-04-18 00:00:00",84,1,0.020833333
"2020-04-19 00:00:00",87,1,0.01754386
"2020-04-20 00:00:00",90,1,0.018518519
"2020-04-21 00:00:00",93,0,0
"2020-04-22 00:00:00",90,0,0
"2020-04-23 00:00:00",90,0,0
"2020-04-24 00:00:00",87,0,0
"2020-04-25 00:00:00",88,0,0
"2020-04-26 00:00:00",77,0,0
"2020-04-27 00:00:00",69,0,0
"2020-04-28 00:00:00",71,0,0
"2020-04-29 00:00:00",67,0,0
"2020-04-30 00:00:00",67,0,0
"2020-05-01 00:00:00",62,0,0
"2020-05-02 00:00:00",59,0,0
"2020-05-03 00:00:00",55,0,0
"2020-05-04 00:00:00",60,0,0
"2020-05-05 00:00:00",48,0,0
"2020-05-06 00:00:00",63,0,0
"2020-05-07 00:00:00",88,1,0.014084507
"2020-05-08 00:00:00",92,1,0.014925373
"2020-05-09 00:00:00",93,1,0.014925373
"2020-05-10 00:00:00",106,0,0
"2020-05-11 00:00:00",133,0,0
"2020-05-12 00:00:00",138,0,0
"2020-05-13 00:00:00",148,0,0
"2020-05-14 00:00:00",148,0,0
"2020-05-15 00:00:00",157,0,0
"2020-05-16 00:00:00",168,0,0
"2020-05-17 00:00:00",186,0,0
"2020-05-18 00:00:00",197,0,0
"2020-05-19 00:00:00",229,0,0
"2020-05-20 00:00:00",238,0,0
"2020-05-21 00:00:00",260,0,0
"2020-05-22 00:00:00",268,0,0
"2020-05-23 00:00:00",294,0,0
"2020-05-24 00:00:00",336,0,0
"2020-05-25 00:00:00",423,0,0
"2020-05-26 00:00:00",489,1,0.005376344
"2020-05-27 00:00:00",526,1,0.005076142
"2020-05-28 00:00:00",542,1,0.004366812
"2020-05-29 00:00:00",631,1,0.004201681
"2020-05-30 00:00:00",761,4,0.015384615
"2020-05-31 00:00:00",845,5,0.018656716
"2020-06-01 00:00:00",950,4,0.013605442
"2020-06-02 00:00:00",1026,4,0.011904762
"2020-06-03 00:00:00",1097,8,0.01891253
"2020-06-04 00:00:00",1219,6,0.012269939
"2020-06-05 00:00:00",1366,16,0.030418251
"2020-06-06 00:00:00",1522,18,0.033210332
"2020-06-07 00:00:00",1631,27,0.042789223
"2020-06-08 00:00:00",1647,32,0.042049934
"2020-06-09 00:00:00",1766,32,0.037869822
"2020-06-10 00:00:00",1923,32,0.033684211
"2020-06-11 00:00:00",2068,33,0.032163743
"2020-06-12 00:00:00",2194,32,0.029170465
"2020-06-13 00:00:00",2415,38,0.031173093
"2020-06-14 00:00:00",2614,39,0.028550512
"2020-06-15 00:00:00",2741,30,0.019710907
"2020-06-16 00:00:00",2839,29,0.017780503
"2020-06-17 00:00:00",2829,32,0.019429265
"2020-06-18 00:00:00",2845,30,0.016987542
"2020-06-19 00:00:00",2953,27,0.014040562
"2020-06-20 00:00:00",2969,32,0.015473888
"2020-06-21 00:00:00",3273,30,0.013673655
"2020-06-22 00:00:00",3243,32,0.013250518
"2020-06-23 00:00:00",3289,38,0.014537108
"2020-06-24 00:00:00",3359,38,0.013863553
"2020-06-25 00:00:00",3468,38,0.013384995
"2020-06-26 00:00:00",3548,30,0.010604454
"2020-06-27 00:00:00",3646,27,0.009490334
"2020-06-28 00:00:00",3461,34,0.011513715
"2020-06-29 00:00:00",3457,33,0.011114853
"2020-06-30 00:00:00",3311,35,0.010693553
"2020-07-01 00:00:00",3447,34,0.01048412
"2020-07-02 00:00:00",3459,31,0.009425357
"2020-07-03 00:00:00",3383,29,0.008633522
"2020-07-04 00:00:00",3268,28,0.008073818
"2020-07-05 00:00:00",3250,28,0.00789177
"2020-07-06 00:00:00",3310,28,0.007679649
"2020-07-07 00:00:00",3346,28,0.008090147
"2020-07-08 00:00:00",3351,31,0.008967313
"2020-07-09 00:00:00",3411,31,0.00936273
"2020-07-10 00:00:00",3081,29,0.008413113
"2020-07-11 00:00:00",3124,30,0.008673027
"2020-07-12 00:00:00",3125,31,0.009163464
"2020-07-13 00:00:00",3316,34,0.010403917
"2020-07-14 00:00:00",3080,31,0.009538462
"2020-07-15 00:00:00",3216,33,0.009969789
"2020-07-16 00:00:00",3557,36,0.010759115
"2020-07-17 00:00:00",3837,37,0.01104148
"2020-07-18 00:00:00",4082,36,0.01055409
"2020-07-19 00:00:00",4393,35,0.011359948
"2020-07-20 00:00:00",4898,39,0.012483995
"2020-07-21 00:00:00",5046,56,0.01792
"2020-07-22 00:00:00",5442,40,0.012062726
"2020-07-23 00:00:00",5828,38,0.012337662
"2020-07-24 00:00:00",6089,65,0.020211443
"2020-07-25 00:00:00",6706,68,0.019117234
"2020-07-26 00:00:00",7071,66,0.017200938
"2020-07-27 00:00:00",7527,65,0.015923567
"2020-07-28 00:00:00",7931,66,0.015023902
"2020-07-29 00:00:00",8433,66,0.013474888
"2020-07-30 00:00:00",8870,66,0.013079667
"2020-07-31 00:00:00",9587,134,0.0246233
"2020-08-01 00:00:00",10304,138,0.023678792
"2020-08-02 00:00:00",10518,68,0.011167679
"2020-08-03 00:00:00",10793,153,0.022815389
"2020-08-04 00:00:00",11020,145,0.020506293
"2020-08-05 00:00:00",11292,187,0.024843895
"2020-08-06 00:00:00",11380,185,0.023326188
"2020-08-07 00:00:00",11506,170,0.0201589
"2020-08-08 00:00:00",11655,174,0.019616685
"2020-08-09 00:00:00",12154,167,0.017419422
"2020-08-10 00:00:00",12203,163,0.015819099
"2020-08-11 00:00:00",12758,164,0.015592318
"2020-08-12 00:00:00",13037,190,0.017604003
"2020-08-13 00:00:00",13619,178,0.01615245
"2020-08-14 00:00:00",14295,193,0.017091746
"2020-08-15 00:00:00",15088,195,0.017135325
"2020-08-16 00:00:00",16346,199,0.017295324
"2020-08-17 00:00:00",16987,217,0.018618619
"2020-08-18 00:00:00",18266,213,0.017525095
"2020-08-19 00:00:00",19210,216,0.017700565
"2020-08-20 00:00:00",20148,255,0.019987459
"2020-08-21 00:00:00",21678,248,0.019022781
"2020-08-22 00:00:00",23113,248,0.018209854
"2020-08-23 00:00:00",23889,251,0.017558587
"2020-08-24 00:00:00",24996,291,0.01928685
"2020-08-25 00:00:00",26187,275,0.016823688
"2020-08-26 00:00:00",27181,290,0.017071878
"2020-08-27 00:00:00",28183,327,0.017902113
"2020-08-28 00:00:00",28831,330,0.017178553
"2020-08-29 00:00:00",29965,357,0.01771888
"2020-08-30 00:00:00",30766,329,0.015176677
"2020-08-31 00:00:00",31945,344,0.014883399
"2020-09-01 00:00:00",32326,350,0.014651095
"2020-09-02 00:00:00",32987,306,0.012241959
"2020-09-03 00:00:00",33658,303,0.011570627
"2020-09-04 00:00:00",34072,306,0.011257864
"2020-09-05 00:00:00",35022,315,0.011176951
"2020-09-06 00:00:00",35791,326,0.011307273
"2020-09-07 00:00:00",36445,308,0.010278658
"2020-09-08 00:00:00",36924,309,0.010043555
"2020-09-09 00:00:00",37156,307,0.009610268
"2020-09-10 00:00:00",37678,319,0.009868218
"2020-09-11 00:00:00",37962,330,0.010003941
"2020-09-12 00:00:00",38355,347,0.010309585
"2020-09-13 00:00:00",38397,345,0.010125616
"2020-09-14 00:00:00",38303,342,0.00976529
"2020-09-15 00:00:00",38429,344,0.009611355
"2020-09-16 00:00:00",38461,280,0.00768281
"2020-09-17 00:00:00",38512,270,0.007312317
"2020-09-18 00:00:00",38766,300,0.008074066
"2020-09-19 00:00:00",38803,289,0.007670259
"2020-09-20 00:00:00",39101,294,0.007744587
"2020-09-21 00:00:00",39408,290,0.007560944
"2020-09-22 00:00:00",39965,301,0.007839154
"2020-09-23 00:00:00",40302,251,0.006553012
"2020-09-24 00:00:00",40687,269,0.006999922
"2020-09-25 00:00:00",41076,267,0.006942097
"2020-09-26 00:00:00",41797,249,0.006465517
"2020-09-27 00:00:00",41504,272,0.007016458
"2020-09-28 00:00:00",41504,273,0.007035538
"2020-09-29 00:00:00",42012,247,0.006316974
"2020-09-30 00:00:00",42439,271,0.006876776
"2020-10-01 00:00:00",42964,269,0.00673089
"2020-10-02 00:00:00",43461,255,0.006327229
"2020-10-03 00:00:00",44101,296,0.007275051
"2020-10-04 00:00:00",44319,278,0.006767942
"2020-10-05 00:00:00",44535,285,0.006818671
"2020-10-06 00:00:00",44189,292,0.007035466
"2020-10-07 00:00:00",43803,282,0.006794526
"2020-10-08 00:00:00",43968,245,0.005831667
"2020-10-09 00:00:00",44099,253,0.005961498
"2020-10-10 00:00:00",44287,243,0.005655898
"2020-10-11 00:00:00",44467,239,0.005499183
"2020-10-12 00:00:00",44690,271,0.006144985
"2020-10-13 00:00:00",44929,230,0.005189648
"2020-10-14 00:00:00",45104,237,0.005321657
"2020-10-15 00:00:00",44951,250,0.005657517
"2020-10-16 00:00:00",44854,293,0.00668904
"2020-10-17 00:00:00",44867,301,0.006845888
"2020-10-18 00:00:00",44987,299,0.006780199
"2020-10-19 00:00:00",45134,281,0.006344977
"2020-10-20 00:00:00",45134,281,0.006319293
"2020-10-21 00:00:00",45344,269,0.006019244
"2020-10-22 00:00:00",45479,301,0.006699459
"2020-10-23 00:00:00",45226,303,0.006717808
"2020-10-24 00:00:00",45035,306,0.006807413
"2020-10-25 00:00:00",44709,315,0.007022785
"2020-10-26 00:00:00",44595,306,0.006820157
"2020-10-27 00:00:00",44372,339,0.00753551
"2020-10-28 00:00:00",44118,314,0.006957061
"2020-10-29 00:00:00",43803,314,0.006957061
"2020-10-30 00:00:00",43481,315,0.006946895
"2020-10-31 00:00:00",43089,311,0.006838321
"2020-11-01 00:00:00",42610,327,0.007230354
"2020-11-02 00:00:00",42181,335,0.007438659
"2020-11-03 00:00:00",41651,336,0.007515265
"2020-11-04 00:00:00",41046,353,0.007915686
"2020-11-05 00:00:00",40752,346,0.00779771
"2020-11-06 00:00:00",40220,343,0.007774604
"2020-11-07 00:00:00",39767,346,0.007899002
"2020-11-08 00:00:00",39129,332,0.007635519
"2020-11-09 00:00:00",38733,306,0.00710158
"2020-11-10 00:00:00",38384,316,0.0074161
"2020-11-11 00:00:00",37740,209,0.004954837
"2020-11-12 00:00:00",37272,286,0.006866582
"2020-11-13 00:00:00",36683,292,0.00711397
"2020-11-14 00:00:00",36424,313,0.007680605
"2020-11-15 00:00:00",36626,316,0.007856788
"2020-11-16 00:00:00",37283,319,0.008021727
"2020-11-17 00:00:00",37079,321,0.008203634
"2020-11-18 00:00:00",37343,308,0.007951876
"2020-11-19 00:00:00",37512,320,0.008336807
"2020-11-20 00:00:00",37732,305,0.008081611
"2020-11-21 00:00:00",37835,316,0.008478214
"2020-11-22 00:00:00",37932,315,0.008587084
"2020-11-23 00:00:00",38180,319,0.008757962
"2020-11-24 00:00:00",38445,333,0.009091902
"2020-11-25 00:00:00",38711,326,0.008743932
"2020-11-26 00:00:00",38910,334,0.009007794
"2020-11-27 00:00:00",38869,319,0.008542431
"2020-11-28 00:00:00",38994,327,0.00871721
"2020-11-29 00:00:00",39244,309,0.008189335
"2020-11-30 00:00:00",38983,309,0.008167041
"2020-12-01 00:00:00",38517,322,0.008488875
"2020-12-02 00:00:00",34558,323,0.008459927
"2020-12-03 00:00:00",33926,330,0.008583691
"2020-12-04 00:00:00",33200,331,0.008550541
"2020-12-05 00:00:00",32468,317,0.008147006
"2020-12-06 00:00:00",31736,317,0.0081556
"2020-12-07 00:00:00",30715,316,0.008103811
"2020-12-08 00:00:00",31414,313,0.007975742
"2020-12-09 00:00:00",29175,305,0.007823923
"2020-12-10 00:00:00",27550,312,0.008100319
"2020-12-11 00:00:00",25819,326,0.009433416
"2020-12-12 00:00:00",24604,316,0.00931439
"2020-12-13 00:00:00",22780,283,0.008524096
"2020-12-14 00:00:00",22043,318,0.009794259
"2020-12-15 00:00:00",21071,314,0.009894127
"2020-12-16 00:00:00",20206,297,0.009669543
"2020-12-17 00:00:00",19420,291,0.009263386
"2020-12-18 00:00:00",18217,305,0.010454156
"2020-12-19 00:00:00",16897,273,0.009909256
"2020-12-20 00:00:00",15116,267,0.010341222
"2020-12-21 00:00:00",15493,258,0.0104861
"2020-12-22 00:00:00",16321,261,0.011457419
"2020-12-23 00:00:00",13954,274,0.01243025
"2020-12-24 00:00:00",14804,265,0.012576527
"2020-12-25 00:00:00",13293,253,0.012521033
"2020-12-26 00:00:00",12670,236,0.01215242
"2020-12-27 00:00:00",12382,225,0.012351101
"2020-12-28 00:00:00",12241,236,0.013966976
"2020-12-29 00:00:00",11660,224,0.014818735
"2020-12-30 00:00:00",11385,231,0.014909959
"2020-12-31 00:00:00",10462,245,0.015011335
"2021-01-01 00:00:00",10778,235,0.016841049
"2021-01-02 00:00:00",11305,239,0.016144285
"2021-01-03 00:00:00",11463,245,0.018430753
"2021-01-04 00:00:00",11845,230,0.018153118
"2021-01-05 00:00:00",11357,262,0.021159748
"2021-01-06 00:00:00",12238,226,0.018462544
"2021-01-07 00:00:00",12414,208,0.017838765
"2021-01-08 00:00:00",12510,200,0.017566974
"2021-01-09 00:00:00",12510,200,0.019116804
"2021-01-10 00:00:00",12946,202,0.018741882
"2021-01-11 00:00:00",13048,201,0.017779743
"2021-01-12 00:00:00",12724,221,0.019279421
"2021-01-13 00:00:00",12880,210,0.017729
"2021-01-14 00:00:00",13163,229,0.020163776
"2021-01-15 00:00:00",12873,223,0.018221932
"2021-01-16 00:00:00",12696,219,0.017641373
"2021-01-17 00:00:00",13016,225,0.017985612
"2021-01-18 00:00:00",13176,224,0.017905675
"2021-01-19 00:00:00",13296,231,0.017843349
"2021-01-20 00:00:00",12635,232,0.017780503
"2021-01-21 00:00:00",12261,225,0.017683119
"2021-01-22 00:00:00",12306,227,0.017624224
"2021-01-23 00:00:00",12503,239,0.018156955
"2021-01-24 00:00:00",12283,236,0.018332945
"2021-01-25 00:00:00",11860,231,0.018194707
"2021-01-26 00:00:00",11744,219,0.016825446
"2021-01-27 00:00:00",11366,217,0.016469338
"2021-01-28 00:00:00",11647,230,0.017298436
"2021-01-29 00:00:00",12289,228,0.018045113
"2021-01-30 00:00:00",12340,241,0.019655819
"2021-01-31 00:00:00",12693,252,0.020477816
"2021-02-01 00:00:00",13311,230,0.018395585
"2021-02-02 00:00:00",12937,228,0.01856224
"2021-02-03 00:00:00",13296,215,0.018128162
"2021-02-04 00:00:00",13787,209,0.017796322
"2021-02-05 00:00:00",13504,225,0.019795882
"2021-02-06 00:00:00",13775,219,0.018803125
"2021-02-07 00:00:00",14569,208,0.016925706
"2021-02-08 00:00:00",15080,225,0.018233387
"2021-02-09 00:00:00",15402,238,0.018750492
"2021-02-10 00:00:00",15283,243,0.018255578
"2021-02-11 00:00:00",15067,239,0.018474144
"2021-02-12 00:00:00",16154,291,0.021886282
"2021-02-13 00:00:00",15505,260,0.018858345
"2021-02-14 00:00:00",15502,270,0.019994076
"2021-02-15 00:00:00",16668,307,0.022286751
"2021-02-16 00:00:00",17120,308,0.021140778
"2021-02-17 00:00:00",16945,326,0.021618037
"2021-02-18 00:00:00",17529,348,0.022594468
"2021-02-19 00:00:00",18189,327,0.021396323
"2021-02-20 00:00:00",18343,337,0.022366762
"2021-02-21 00:00:00",19159,370,0.022904544
"2021-02-22 00:00:00",19533,346,0.022315382
"2021-02-23 00:00:00",18899,364,0.023480841
"2021-02-24 00:00:00",19478,386,0.023158147
"2021-02-25 00:00:00",20182,387,0.02260514
"2021-02-26 00:00:00",20144,375,0.022130422
"2021-02-27 00:00:00",20961,377,0.021507217
"2021-02-28 00:00:00",21847,365,0.020067074
"2021-03-01 00:00:00",22420,375,0.020443766
"2021-03-02 00:00:00",22346,366,0.019103293
"2021-03-03 00:00:00",23138,398,0.020375774
"2021-03-04 00:00:00",23355,392,0.020741838
"2021-03-05 00:00:00",24236,427,0.021922169
"2021-03-06 00:00:00",24822,427,0.021157467
"2021-03-07 00:00:00",25207,436,0.021644162
"2021-03-08 00:00:00",26050,435,0.020752827
"2021-03-09 00:00:00",26350,427,0.019545018
"2021-03-10 00:00:00",27375,438,0.019536128
"2021-03-11 00:00:00",27885,428,0.019153316
"2021-03-12 00:00:00",28864,454,0.019621402
"2021-03-13 00:00:00",29471,464,0.019867266
"2021-03-14 00:00:00",29205,467,0.019268856
"2021-03-15 00:00:00",30233,531,0.021392313
"2021-03-16 00:00:00",31045,591,0.023445868
"2021-03-17 00:00:00",32199,597,0.022917466
"2021-03-18 00:00:00",33916,600,0.022770398
"2021-03-19 00:00:00",35556,624,0.022794521
"2021-03-20 00:00:00",36719,576,0.020656267
"2021-03-21 00:00:00",37252,605,0.020960366
"2021-03-22 00:00:00",37655,653,0.022157375
"2021-03-23 00:00:00",38309,693,0.023728814
"2021-03-24 00:00:00",39213,752,0.024873483
"2021-03-25 00:00:00",40609,744,0.023965212
"2021-03-26 00:00:00",41373,769,0.023882729
"2021-03-27 00:00:00",42772,780,0.022997995
"2021-03-28 00:00:00",43437,805,0.022640342
"2021-03-29 00:00:00",44528,795,0.021650916
"2021-03-30 00:00:00",45053,828,0.022226995
"2021-03-31 00:00:00",45613,865,0.022971717
"2021-04-01 00:00:00",46633,853,0.022266308
"2021-04-02 00:00:00",48468,829,0.021140948
"2021-04-03 00:00:00",49147,818,0.020143318
"2021-04-04 00:00:00",50256,857,0.020713992
"2021-04-05 00:00:00",51303,862,0.020153371
"2021-04-06 00:00:00",52398,850,0.019568571
"2021-04-07 00:00:00",52349,906,0.020346748
"2021-04-08 00:00:00",53833,892,0.019798904
"2021-04-09 00:00:00",54458,895,0.019621599
"2021-04-10 00:00:00",55069,933,0.020007291
"2021-04-11 00:00:00",55187,971,0.020033837
"2021-04-12 00:00:00",55754,983,0.020001221
"2021-04-13 00:00:00",55462,967,0.019241484
"2021-04-14 00:00:00",56560,995,0.019394577
"2021-04-15 00:00:00",57388,1031,0.019676324
"2021-04-16 00:00:00",57596,1013,0.019350895
"2021-04-17 00:00:00",58201,1027,0.019077518
"2021-04-18 00:00:00",59341,1028,0.018876933
"2021-04-19 00:00:00",59592,972,0.017650584
"2021-04-20 00:00:00",59779,965,0.017486002
"2021-04-21 00:00:00",59076,1059,0.018994153
"2021-04-22 00:00:00",59384,999,0.018012333
"2021-04-23 00:00:00",57699,968,0.017114569
"2021-04-24 00:00:00",57409,987,0.017198718
"2021-04-25 00:00:00",55979,1010,0.01753594
"2021-04-26 00:00:00",56051,990,0.017010017
"2021-04-27 00:00:00",54890,985,0.016598979
"2021-04-28 00:00:00",55223,940,0.015773929
"2021-04-29 00:00:00",54842,945,0.015808227
"2021-04-30 00:00:00",54890,962,0.016284109
"2021-05-01 00:00:00",54203,912,0.015357672
"2021-05-02 00:00:00",53898,858,0.014870275
"2021-05-03 00:00:00",54148,883,0.015380864
"2021-05-04 00:00:00",52901,822,0.014684078
"2021-05-05 00:00:00",52934,777,0.013862375
"2021-05-06 00:00:00",51520,748,0.013627255
"2021-05-07 00:00:00",50868,765,0.013852924
"2021-05-08 00:00:00",50030,749,0.013657416
"2021-05-09 00:00:00",48782,740,0.013481508
"2021-05-10 00:00:00",47728,739,0.013633932
"2021-05-11 00:00:00",47192,694,0.012876174
"2021-05-12 00:00:00",45619,659,0.012170348
"2021-05-13 00:00:00",45273,653,0.012343812
"2021-05-14 00:00:00",44077,620,0.011712699
"2021-05-15 00:00:00",42988,596,0.011568323
"2021-05-16 00:00:00",42700,582,0.011441378
"2021-05-17 00:00:00",41994,569,0.011373176
"2021-05-18 00:00:00",41626,558,0.011438645
"2021-05-19 00:00:00",40997,524,0.01097888
"2021-05-20 00:00:00",37392,523,0.011082387
"2021-05-21 00:00:00",38978,512,0.011223394
"2021-05-22 00:00:00",37751,513,0.011331257
"2021-05-23 00:00:00",36359,495,0.011230347
"2021-05-24 00:00:00",34630,485,0.011282218
"2021-05-25 00:00:00",34052,466,0.010913349
"2021-05-26 00:00:00",32854,459,0.010930133
"2021-05-27 00:00:00",31972,443,0.010642387
"2021-05-28 00:00:00",30953,447,0.010903237
"2021-05-29 00:00:00",30281,422,0.011285837
"2021-05-30 00:00:00",29644,413,0.010595721
"2021-05-31 00:00:00",28640,399,0.010569256
"2021-06-01 00:00:00",28142,399,0.010973899
"2021-06-02 00:00:00",25414,377,0.010886515
"2021-06-03 00:00:00",24720,367,0.010777634
"2021-06-04 00:00:00",23787,329,0.010014001
"2021-06-05 00:00:00",22954,349,0.010915801
"2021-06-06 00:00:00",22456,339,0.010952089
"2021-06-07 00:00:00",21926,319,0.010534659
"2021-06-08 00:00:00",21451,271,0.009141816
"2021-06-09 00:00:00",20885,261,0.009113128
"2021-06-10 00:00:00",20417,251,0.008919053
"2021-06-11 00:00:00",20184,264,0.010387975
"2021-06-12 00:00:00",19700,260,0.010517799
"2021-06-13 00:00:00",19279,250,0.010509942
"2021-06-14 00:00:00",18987,238,0.010368563
"2021-06-15 00:00:00",18341,242,0.01077663
"2021-06-16 00:00:00",17888,237,0.010809085
"2021-06-17 00:00:00",17316,240,0.01118829
"2021-06-18 00:00:00",16987,228,0.010916926
"2021-06-19 00:00:00",16458,212,0.010383504
"2021-06-20 00:00:00",15961,201,0.009958383
"2021-06-21 00:00:00",15528,204,0.01035533
"2021-06-22 00:00:00",15137,194,0.010062763
"2021-06-23 00:00:00",14421,187,0.009848844
"2021-06-24 00:00:00",13874,185,0.010086691
"2021-06-25 00:00:00",13262,167,0.009335868
"2021-06-26 00:00:00",13079,164,0.009471009
"2021-06-27 00:00:00",12575,156,0.009183493
"2021-06-28 00:00:00",12040,151,0.009174869
"2021-06-29 00:00:00",11413,150,0.009397907
"2021-06-30 00:00:00",11480,145,0.00933797
"2021-07-01 00:00:00",11186,142,0.009380987
"2021-07-02 00:00:00",11195,139,0.009638721
"2021-07-03 00:00:00",11087,135,0.009730431
"2021-07-04 00:00:00",11077,131,0.009877846
"2021-07-05 00:00:00",11013,135,0.01032189
"2021-07-06 00:00:00",10605,129,0.0102584493
"2021-07-07 00:00:00",10594,126,0.01046511628
"2021-07-08 00:00:00",10639,123,0.01077718391
"2021-07-09 00:00:00",10594,126,0.01097560976
"2021-07-10 00:00:00",10660,121,0.01081709279
"2021-07-11 00:00:00",10737,122,0.0108977222
"2021-07-12 00:00:00",10770,121,0.01091368269
"2021-07-13 00:00:00",10761,114,0.0102915952
"2021-07-14 00:00:00",10800,125,0.01135022246
"2021-07-15 00:00:00",10885,127,0.01197548326
"2021-07-16 00:00:00",10945,129,0.01217670379
"2021-07-17 00:00:00",10994,132,0.01240718113
"2021-07-18 00:00:00",11023,133,0.01255427601
"2021-07-19 00:00:00",10964,138,0.01294559099
"2021-07-20 00:00:00",10966,144,0.01341156748
"2021-07-21 00:00:00",11009,153,0.01420612813
"2021-07-22 00:00:00",11048,160,0.01486850664
"2021-07-23 00:00:00",11116,166,0.01537037037
"2021-07-24 00:00:00",11229,191,0.01754708314
"2021-07-25 00:00:00",11310,195,0.0178163545
"2021-07-26 00:00:00",11419,213,0.01937420411
"2021-07-27 00:00:00",11576,223,0.02023042729
"2021-07-28 00:00:00",11709,225,0.02052170741
"2021-07-29 00:00:00",11854,228,0.02079153748
"2021-07-30 00:00:00",12214,229,0.02080116269
"2021-07-31 00:00:00",12478,223,0.02018464881
"2021-08-01 00:00:00",12586,240,0.02159050018
"2021-08-02 00:00:00",12746,265,0.02359960816
"2021-08-03 00:00:00",13018,283,0.02502210433
"2021-08-04 00:00:00",13398,308,0.02697258954
"2021-08-05 00:00:00",13925,270,0.02332411887
"2021-08-06 00:00:00",14440,276,0.02357161158
"2021-08-07 00:00:00",14932,275,0.0231989202
"2021-08-08 00:00:00",15046,291,0.02382511872
"2021-08-09 00:00:00",15426,302,0.02420259657
"2021-08-10 00:00:00",16173,324,0.02574288892
"2021-08-11 00:00:00",16962,342,0.02683194728
"2021-08-12 00:00:00",17795,353,0.02711630051
"2021-08-13 00:00:00",18500,375,0.02798925213
"2021-08-14 00:00:00",19009,391,0.02807899461
"2021-08-15 00:00:00",19423,388,0.02686980609
"2021-08-16 00:00:00",19882,434,0.0290650951
"2021-08-17 00:00:00",20658,429,0.02851256148
"2021-08-18 00:00:00",21216,448,0.02904187735
"2021-08-19 00:00:00",21419,462,0.02856612873
"2021-08-20 00:00:00",21789,463,0.0272963094
"2021-08-21 00:00:00",22212,478,0.02686147794
"2021-08-22 00:00:00",22109,484,0.02616216216
"2021-08-23 00:00:00",21987,510,0.0268293966
"2021-08-24 00:00:00",22585,522,0.02687535396
"2021-08-25 00:00:00",22585,522,0.02625490393
"2021-08-26 00:00:00",24385,532,0.02575273502
"2021-08-27 00:00:00",25286,561,0.02644230769
"2021-08-28 00:00:00",25892,580,0.02707876185
"2021-08-29 00:00:00",26929,587,0.02694019918
"2021-08-30 00:00:00",26894,602,0.02710246713
"2021-08-31 00:00:00",26070,600,0.02713826948
"2021-09-01 00:00:00",26615,630,0.02865329513
"2021-09-02 00:00:00",26595,620,0.02745184857
"2021-09-03 00:00:00",26833,663,0.0293557671
"2021-09-04 00:00:00",27194,696,0.02854213656
"2021-09-05 00:00:00",25566,732,0.02894882544
"2021-09-06 00:00:00",26228,727,0.02807817086
"2021-09-07 00:00:00",26492,727,0.02699691782
"2021-09-08 00:00:00",27265,744,0.02766416301
"2021-09-09 00:00:00",28447,756,0.02840503475
"2021-09-10 00:00:00",28447,756,0.02842639594
"2021-09-11 00:00:00",27737,753,0.0280624604
"2021-09-12 00:00:00",27425,746,0.02743252188
"2021-09-13 00:00:00",26800,751,0.02937495111
"2021-09-14 00:00:00",27284,783,0.02985359158
"2021-09-15 00:00:00",27474,778,0.02936735618
"2021-09-16 00:00:00",28070,806,0.02956170915
"2021-09-17 00:00:00",29050,789,0.02829478214
"2021-09-18 00:00:00",28774,800,0.02812247337
"2021-09-19 00:00:00",27145,784,0.0275600239
"2021-09-20 00:00:00",26747,831,0.02995998125
"2021-09-21 00:00:00",26475,835,0.03044667274
"2021-09-22 00:00:00",26738,789,0.02944029851
"2021-09-23 00:00:00",27790,799,0.02928456238
"2021-09-24 00:00:00",28037,813,0.02959161389
"2021-09-25 00:00:00",27618,793,0.02825080157
"2021-09-26 00:00:00",27916,798,0.02746987952
"2021-09-27 00:00:00",27926,791,0.02749009522
"2021-09-28 00:00:00",27375,780,0.02873457359
"2021-09-29 00:00:00",28079,806,0.03013422066
"2021-09-30 00:00:00",27284,790,0.0298394712
"2021-10-01 00:00:00",27437,802,0.02999476401
"2021-10-02 00:00:00",27837,776,0.02792371357
"2021-10-03 00:00:00",27774,771,0.02749937582
"2021-10-04 00:00:00",26390,760,0.02751828518
"2021-10-05 00:00:00",26384,749,0.02683049147
"2021-10-06 00:00:00",26597,765,0.02739382654
"2021-10-07 00:00:00",26625,749,0.02736073059
"2021-10-08 00:00:00",25807,745,0.02653228391
"2021-10-09 00:00:00",26068,736,0.02697551679
"2021-10-10 00:00:00",24979,745,0.02715311441
"2021-10-11 00:00:00",24523,735,0.0264037073
"2021-10-12 00:00:00",24787,715,0.02574350112
"2021-10-13 00:00:00",24802,708,0.02682834407
"2021-10-14 00:00:00",24672,650,0.02463614312
"2021-10-15 00:00:00",24053,627,0.0235740873
"2021-10-16 00:00:00",24019,613,0.02302347418
"2021-10-17 00:00:00",24066,599,0.02321075677
"2021-10-18 00:00:00",23998,601,0.0230550867
"2021-10-19 00:00:00",23287,555,0.02221866368
"2021-10-20 00:00:00",23393,542,0.02210170044
"2021-10-21 00:00:00",23442,518,0.0208980514
"2021-10-22 00:00:00",22830,512,0.02064349649
"2021-10-23 00:00:00",22794,528,0.02140077821
"2021-10-24 00:00:00",20559,523,0.02174364944
"2021-10-25 00:00:00",20131,491,0.02044214996
"2021-10-26 00:00:00",19931,484,0.02011136043
"2021-10-27 00:00:00",18887,510,0.02125177098
"2021-10-28 00:00:00",18892,486,0.02087001331
"2021-10-29 00:00:00",19045,435,0.01855643716
"2021-10-30 00:00:00",19187,425,0.01861585633
"2021-10-31 00:00:00",18964,432,0.01892247043
"2021-11-01 00:00:00",18652,205,0.008993594806
"2021-11-02 00:00:00",18100,423,0.02057493069
"2021-11-03 00:00:00",18189,423,0.02101236898
"2021-11-04 00:00:00",17675,420,0.02107270082
"2021-11-05 00:00:00",17702,390,0.02064912374
"2021-11-06 00:00:00",17698,393,0.02080245607
"2021-11-07 00:00:00",17559,279,0.01464951431
"2021-11-08 00:00:00",17385,388,0.02022202533
"2021-11-09 00:00:00",17538,391,0.02061801308
"2021-11-10 00:00:00",17538,357,0.0191400386
"2021-11-11 00:00:00",17623,357,0.01972375691
"2021-11-12 00:00:00",17630,318,0.01748309418
"2021-11-13 00:00:00",17703,292,0.01652050919
"2021-11-14 00:00:00",17490,285,0.01609987572
"2021-11-15 00:00:00",16444,298,0.0168380608
"2021-11-16 00:00:00",16511,280,0.0159462384
"2021-11-17 00:00:00",16523,289,0.01662352603
"2021-11-18 00:00:00",16523,264,0.01505302771
"2021-11-19 00:00:00",16656,265,0.01511004676
"2021-11-20 00:00:00",16708,265,0.01503716734
"2021-11-21 00:00:00",16639,260,0.01474758934
"2021-11-22 00:00:00",16695,241,0.01361351183
"2021-11-23 00:00:00",16247,241,0.01377930246
"2021-11-24 00:00:00",16316,229,0.01392605206
"2021-11-25 00:00:00",16297,227,0.01374841015
"2021-11-26 00:00:00",16241,229,0.01385946862
"2021-11-27 00:00:00",16140,226,0.01367790353
"2021-11-28 00:00:00",15721,233,0.01398895293
"2021-11-29 00:00:00",15708,299,0.01789561887
"2021-11-30 00:00:00",15708,233,0.01400324539
"2021-12-01 00:00:00",15775,234,0.01401617251
"2021-12-02 00:00:00",15711,212,0.01304856281
"2021-12-03 00:00:00",15693,217,0.01329982839
"2021-12-04 00:00:00",15737,214,0.01313125115
"2021-12-05 00:00:00",15787,209,0.01286866572
"2021-12-06 00:00:00",15793,204,0.0126394052
"2021-12-07 00:00:00",15806,192,0.01221296355
"2021-12-08 00:00:00",15792,183,0.01165011459
"2021-12-09 00:00:00",15818,177,0.01126814362
"2021-12-10 00:00:00",15853,169,0.01071315372
"2021-12-11 00:00:00",15877,168,0.01069314493
"2021-12-12 00:00:00",15916,157,0.01000446059
"2021-12-13 00:00:00",15993,152,0.009658765966
"2021-12-14 00:00:00",16203,154,0.009754861595
"2021-12-15 00:00:00",16203,160,0.01013107073
"2021-12-16 00:00:00",16848,148,0.009363532836
"2021-12-17 00:00:00",17381,146,0.009245187437
"2021-12-18 00:00:00",18123,150,0.009482867619
"2021-12-19 00:00:00",18634,150,0.009461931496
"2021-12-20 00:00:00",19123,138,0.008691818354
"2021-12-21 00:00:00",21332,138,0.008670520231
"2021-12-22 00:00:00",24185,140,0.008753829801
"2021-12-23 00:00:00",28004,154,0.009504412763
"2021-12-24 00:00:00",31822,168,0.01036845029
"2021-12-25 00:00:00",34273,184,0.01089150047
"2021-12-26 00:00:00",36723,199,0.0114492837
"2021-12-27 00:00:00",40263,210,0.01158748552
"2021-12-28 00:00:00",45045,232,0.01245035956
"2021-12-29 00:00:00",45045,247,0.01291638341
"2021-12-30 00:00:00",54020,260,0.01218826177
"2021-12-31 00:00:00",58357,290,0.01199090345
"2022-01-01 00:00:00",69135,337,0.01203421001
"2022-01-02 00:00:00",64189,375,0.01178430017
"2022-01-03 00:00:00",64828,442,0.01289663725
"2022-01-04 00:00:00",67983,366,0.009966506004
"2022-01-05 00:00:00",70675,413,0.01025755657
"2022-01-06 00:00:00",73409,396,0.008791208791
"2022-01-07 00:00:00",74454,429,0.009523809524
"2022-01-08 00:00:00",74750,435,0.008052573121
"2022-01-09 00:00:00",73639,381,0.006528779752
"2022-01-10 00:00:00",74697,380,0.00549649237
"2022-01-11 00:00:00",75076,422,0.006574335166
"2022-01-12 00:00:00",75905,443,0.00683346702
"2022-01-13 00:00:00",77182,433,0.006369239369
"2022-01-14 00:00:00",76971,434,0.006140785285
"2022-01-15 00:00:00",77367,426,0.005803103162
"2022-01-16 00:00:00",76551,435,0.005842533645
"2022-01-17 00:00:00",75686,420,0.005618729097
"2022-01-18 00:00:00",76148,410,0.005567701897
"2022-01-19 00:00:00",76148,421,0.00563610319
"2022-01-20 00:00:00",72714,367,0.004888379775
"2022-01-21 00:00:00",71443,387,0.005098478361
"2022-01-22 00:00:00",69168,373,0.004832733021
"2022-01-23 00:00:00",68709,364,0.004729053799
"2022-01-24 00:00:00",67229,361,0.004666072098
"2022-01-25 00:00:00",67229,352,0.004598241695
"2022-01-26 00:00:00",62141,330,0.004360119441
"2022-01-27 00:00:00",67229,352,0.004622577087
"2022-01-28 00:00:00",60975,313,0.004110416557
"2022-01-29 00:00:00",60780,295,0.004056990401
"2022-01-30 00:00:00",59811,285,0.003989194183
"2022-01-31 00:00:00",59374,272,0.003932454314
"2022-02-01 00:00:00",59111,252,0.003667641794
"2022-02-02 00:00:00",59111,248,0.003688884261
"2022-02-03 00:00:00",59758,237,0.003525264395
"2022-02-04 00:00:00",58558,237,0.003813907082
"2022-02-05 00:00:00",58363,232,0.003450891728
"2022-02-06 00:00:00",58226,213,0.003493234932
"2022-02-07 00:00:00",54983,197,0.003241197762
"2022-02-08 00:00:00",54683,187,0.00312651519
"2022-02-09 00:00:00",54683,187,0.003149526729
"2022-02-10 00:00:00",51131,187,0.003163539781
"2022-02-11 00:00:00",51134,171,0.002892862581
"2022-02-12 00:00:00",51068,165,0.002761136584
"2022-02-13 00:00:00",51068,157,0.002681102497
"2022-02-14 00:00:00",51081,160,0.002741462913
"2022-02-15 00:00:00",51021,147,0.002524645347
"2022-02-16 00:00:00",51121,142,0.002582616445
"2022-02-17 00:00:00",51137,141,0.002578497888
"2022-02-18 00:00:00",51274,134,0.002450487354
"2022-02-19 00:00:00",51219,132,0.002581604115
"2022-02-20 00:00:00",51230,125,0.002444557437
"2022-02-21 00:00:00",51133,120,0.002349808099
"2022-02-22 00:00:00",51107,118,0.002310644631
"2022-02-23 00:00:00",49456,106,0.002075135569
"2022-02-24 00:00:00",47846,102,0.00199917681
"2022-02-25 00:00:00",46227,100,0.001956143268
"2022-02-26 00:00:00",44526,91,0.00177953341
"2022-02-27 00:00:00",44508,86,0.00167726333
"2022-02-28 00:00:00",44508,86,0.00167906441
"2022-03-01 00:00:00",42742,87,0.001698223697
"2022-03-02 00:00:00",42062,81,0.001584104199
"2022-03-03 00:00:00",41382,75,0.001467509343
"2022-03-04 00:00:00",41224,68,0.00137495956
"2022-03-05 00:00:00",41154,70,0.001463027212
"2022-03-06 00:00:00",41174,69,0.001492634175
"2022-03-07 00:00:00",41098,66,0.001482280016
"2022-03-08 00:00:00",41610,64,0.00143794374
"2022-03-09 00:00:00",41151,59,0.001325604386
"2022-03-10 00:00:00",40237,58,0.001356979084
"2022-03-11 00:00:00",40234,53,0.001260044696
"2022-03-12 00:00:00",40244,55,0.001329080276
"2022-03-13 00:00:00",40244,54,0.001309916553
"2022-03-14 00:00:00",40249,53,0.001287845653
"2022-03-15 00:00:00",40303,50,0.001214358576
"2022-03-16 00:00:00",40299,47,0.001143607961
"2022-03-17 00:00:00",40341,48,0.001153568854
"2022-03-18 00:00:00",40325,48,0.00116643581
"2022-03-19 00:00:00",40317,36,0.000894698909
"2022-03-20 00:00:00",40326,36,0.0008947656211
"2022-03-21 00:00:00",38534,36,0.000894543286
"2022-03-22 00:00:00",36666,23,0.000571513766
"2022-03-23 00:00:00",34706,17,0.0004223707421
"2022-03-24 00:00:00",32782,16,0.0003969927797
"2022-03-25 00:00:00",30867,14,0.0003474031614
"2022-03-26 00:00:00",28920,13,0.0003222527949
"2022-03-27 00:00:00",28920,11,0.000272783633
"2022-03-28 00:00:00",25042,13,0.0003224446263
"2022-03-29 00:00:00",23072,14,0.0003471705599
"2022-03-30 00:00:00",21127,15,0.0003892666217
"2022-03-31 00:00:00",21127,15,0.0004090983472
"2022-04-01 00:00:00",17803,15,0.0004322019247
"2022-04-02 00:00:00",16724,15,0.0004575681777
"2022-04-03 00:00:00",14771,15,0.0004859558752
"2022-04-04 00:00:00",12198,15,0.0005186721992
"2022-04-05 00:00:00",11548,15,0.0005186721992
"2022-04-06 00:00:00",10898,15,0.0005989936906
"2022-04-07 00:00:00",10248,15,0.0006501386963
"2022-04-08 00:00:00",9599,15,0.0007099919534
"2022-04-09 00:00:00",8949,18,0.0008519903441
"2022-04-10 00:00:00",8969,17,0.0009548952424
"2022-04-11 00:00:00",9002,17,0.001016503229
"2022-04-12 00:00:00",9011,18,0.001218604021
"2022-04-13 00:00:00",9043,17,0.001393671094
"2022-04-14 00:00:00",9045,17,0.001472116384
"2022-04-15 00:00:00",9105,20,0.001835199119
"2022-04-16 00:00:00",9120,20,0.001951600312
"2022-04-17 00:00:00",9126,20,0.00208355037
"2022-04-18 00:00:00",9131,21,0.002346630908
"2022-04-19 00:00:00",9136,21,0.002341398149
"2022-04-20 00:00:00",9169,15,0.001666296379
"2022-04-21 00:00:00",8714,15,0.001664632116
"2022-04-22 00:00:00",8230,15,0.001658741568
"2022-04-23 00:00:00",7938,15,0.001658374793
"2022-04-24 00:00:00",7955,15,0.001647446458
"2022-04-25 00:00:00",7955,15,0.001644736842
"2022-04-26 00:00:00",7917,15,0.00164365549
"2022-04-27 00:00:00",7821,15,0.001642755448
"2022-04-28 00:00:00",7711,13,0.001422942207
"2022-04-29 00:00:00",7658,11,0.001199694623